435.jpg,defect8
86.jpg,defect5
411.jpg,defect5
157.jpg,norm
399.jpg,defect5
183.jpg,norm
168.jpg,defect5
14.jpg,norm
273.jpg,defect5
25.jpg,defect11
398.jpg,defect8
24.jpg,defect11
434.jpg,defect7
111.jpg,defect5
203.jpg,defect10
197.jpg,defect10
370.jpg,defect10
255.jpg,defect7
38.jpg,defect6
54.jpg,norm
309.jpg,norm
143.jpg,norm
327.jpg,norm
395.jpg,defect2
95.jpg,defect7
280.jpg,norm
343.jpg,defect2
68.jpg,norm
89.jpg,norm
193.jpg,defect3
106.jpg,defect5
167.jpg,defect3
52.jpg,defect5
150.jpg,defect6
129.jpg,defect11
387.jpg,defect10
432.jpg,defect5
355.jpg,defect10
210.jpg,defect2
433.jpg,defect6
324.jpg,defect1
254.jpg,defect10
375.jpg,defect2
149.jpg,defect7
42.jpg,defect5
44.jpg,defect5
282.jpg,norm
268.jpg,defect11
19.jpg,defect2
421.jpg,defect4
230.jpg,norm
209.jpg,defect10
313.jpg,defect2
136.jpg,norm
284.jpg,defect10
67.jpg,defect11
428.jpg,norm
134.jpg,defect11
342.jpg,defect8
244.jpg,defect10
218.jpg,norm
365.jpg,norm
11.jpg,defect6
185.jpg,defect8
127.jpg,defect4
346.jpg,norm
295.jpg,defect10
275.jpg,norm
429.jpg,defect3
171.jpg,defect11
5.jpg,norm
390.jpg,defect5
391.jpg,norm
126.jpg,defect7
184.jpg,defect5
388.jpg,defect5
97.jpg,norm
104.jpg,defect11
16.jpg,defect2
122.jpg,defect10
78.jpg,defect2
356.jpg,norm
181.jpg,defect7
410.jpg,defect6
142.jpg,defect9
155.jpg,defect5
36.jpg,defect2
144.jpg,defect5
436.jpg,defect4
283.jpg,norm
107.jpg,norm
249.jpg,defect4
402.jpg,defect2
394.jpg,norm
192.jpg,defect6
253.jpg,defect2
217.jpg,defect6
55.jpg,norm
222.jpg,defect2
297.jpg,defect5
205.jpg,defect5
175.jpg,norm
386.jpg,norm
43.jpg,norm
94.jpg,norm
211.jpg,defect8
223.jpg,norm
425.jpg,defect4
332.jpg,defect10
195.jpg,norm
389.jpg,defect5
137.jpg,defect10
187.jpg,defect5
135.jpg,defect10
91.jpg,defect10
266.jpg,norm
101.jpg,defect10
405.jpg,norm
265.jpg,norm
17.jpg,norm
60.jpg,defect11
336.jpg,defect10
351.jpg,norm
233.jpg,defect9
228.jpg,defect2
234.jpg,defect11
165.jpg,norm
292.jpg,defect9
359.jpg,defect4
316.jpg,defect10
18.jpg,defect10
164.jpg,defect1
403.jpg,norm
79.jpg,defect5
117.jpg,defect11
323.jpg,defect4
213.jpg,defect2
247.jpg,norm
360.jpg,defect10
350.jpg,norm
49.jpg,defect10
7.jpg,defect10
15.jpg,defect7
174.jpg,norm
311.jpg,norm
333.jpg,defect5
132.jpg,defect5
236.jpg,norm
84.jpg,defect4
417.jpg,norm
170.jpg,defect7
76.jpg,defect5
32.jpg,norm
47.jpg,norm
201.jpg,defect11
277.jpg,defect6
45.jpg,defect1
326.jpg,defect5
46.jpg,norm
339.jpg,defect5
437.jpg,defect4
304.jpg,defect9
182.jpg,defect10
372.jpg,norm
396.jpg,defect10
119.jpg,defect10
357.jpg,defect5
269.jpg,defect5
238.jpg,defect10
198.jpg,norm
53.jpg,norm
340.jpg,norm
85.jpg,defect3
263.jpg,defect5
88.jpg,norm
384.jpg,defect3
367.jpg,defect9
12.jpg,norm
414.jpg,defect5
114.jpg,defect5
363.jpg,defect4
115.jpg,defect11
158.jpg,defect11
73.jpg,norm
58.jpg,defect10
431.jpg,defect5
90.jpg,defect3
439.jpg,norm
180.jpg,norm
310.jpg,defect3
0.jpg,norm
39.jpg,defect2
130.jpg,defect4
214.jpg,defect5
22.jpg,defect11
63.jpg,defect7
219.jpg,defect4
290.jpg,defect11
4.jpg,defect10
426.jpg,norm
124.jpg,norm
362.jpg,defect9
379.jpg,defect10
215.jpg,norm
159.jpg,defect10
9.jpg,defect3
393.jpg,defect5
301.jpg,norm
177.jpg,norm
241.jpg,defect1
276.jpg,defect10
110.jpg,defect4
30.jpg,defect5
252.jpg,defect5
382.jpg,norm
189.jpg,norm
409.jpg,defect1
438.jpg,defect5
320.jpg,defect5
69.jpg,defect6
10.jpg,norm
40.jpg,defect2
71.jpg,defect4
133.jpg,defect10
376.jpg,norm
131.jpg,norm
102.jpg,defect10
302.jpg,norm
271.jpg,defect2
314.jpg,defect10
199.jpg,defect2
308.jpg,norm
235.jpg,defect4
371.jpg,defect10
109.jpg,defect10
278.jpg,defect5
83.jpg,defect4
408.jpg,defect6
256.jpg,defect2
420.jpg,defect3
28.jpg,defect10
188.jpg,defect5
272.jpg,defect1
329.jpg,norm
366.jpg,norm
358.jpg,defect5
27.jpg,defect5
319.jpg,norm
98.jpg,norm
66.jpg,defect5
300.jpg,defect6
293.jpg,defect3
344.jpg,defect5
206.jpg,defect11
397.jpg,norm
369.jpg,defect2
26.jpg,norm
163.jpg,norm
212.jpg,norm
317.jpg,defect2
154.jpg,norm
166.jpg,defect2
220.jpg,norm
202.jpg,defect7
225.jpg,defect11
383.jpg,defect10
70.jpg,defect11
50.jpg,defect4
81.jpg,defect7
156.jpg,defect6
345.jpg,defect5
139.jpg,norm
161.jpg,defect11
147.jpg,defect7
128.jpg,defect8
251.jpg,defect5
341.jpg,norm
307.jpg,defect6
31.jpg,defect11
303.jpg,norm
354.jpg,defect3
305.jpg,defect4
364.jpg,defect11
120.jpg,defect5
2.jpg,defect11
145.jpg,norm
226.jpg,defect10
123.jpg,defect10
381.jpg,defect7
194.jpg,defect1
260.jpg,norm
191.jpg,defect6
33.jpg,defect10
349.jpg,norm
334.jpg,norm
400.jpg,norm
237.jpg,defect6
404.jpg,norm
190.jpg,defect11
415.jpg,defect2
65.jpg,defect10
401.jpg,norm
352.jpg,defect10
378.jpg,norm
279.jpg,norm
21.jpg,defect5
259.jpg,defect1
353.jpg,norm
196.jpg,defect4
239.jpg,norm
138.jpg,defect1
430.jpg,norm
288.jpg,norm
41.jpg,defect11
173.jpg,defect2
118.jpg,defect6
116.jpg,defect1
99.jpg,defect5
250.jpg,defect11
231.jpg,norm
186.jpg,defect5
178.jpg,defect11
299.jpg,defect11
374.jpg,norm
258.jpg,defect7
264.jpg,defect10
96.jpg,norm
242.jpg,defect6
270.jpg,defect10
274.jpg,norm
289.jpg,defect5
257.jpg,norm
140.jpg,defect5
48.jpg,norm
208.jpg,defect8
23.jpg,norm
200.jpg,norm
232.jpg,defect5
321.jpg,norm
216.jpg,defect10
72.jpg,norm
179.jpg,defect1
207.jpg,defect11
296.jpg,defect5
380.jpg,defect2
330.jpg,norm
148.jpg,norm
406.jpg,defect10
286.jpg,norm
169.jpg,defect4
331.jpg,defect10
248.jpg,defect2
162.jpg,defect2
8.jpg,norm
57.jpg,defect5
152.jpg,defect11
285.jpg,defect2
204.jpg,defect5
245.jpg,norm
20.jpg,norm
261.jpg,defect2
59.jpg,defect10
347.jpg,defect11
56.jpg,defect10
29.jpg,defect5
103.jpg,defect10
121.jpg,defect4
6.jpg,defect9
418.jpg,norm
348.jpg,defect2
1.jpg,norm
243.jpg,norm
377.jpg,defect11
108.jpg,defect3
75.jpg,norm
267.jpg,norm
62.jpg,defect7
322.jpg,defect11
291.jpg,defect4
13.jpg,norm
361.jpg,defect5
413.jpg,defect5
368.jpg,defect8
318.jpg,defect4
160.jpg,norm
80.jpg,norm
125.jpg,defect5
312.jpg,defect2
373.jpg,defect10
419.jpg,defect6
227.jpg,defect5
224.jpg,defect2
112.jpg,norm
422.jpg,defect1
3.jpg,norm
306.jpg,defect2
153.jpg,norm
407.jpg,defect5
87.jpg,defect11
64.jpg,defect8
427.jpg,defect10
141.jpg,defect2
416.jpg,norm
93.jpg,norm
51.jpg,defect11
325.jpg,defect9
37.jpg,defect11
35.jpg,defect10
392.jpg,defect2
240.jpg,norm
423.jpg,defect11
229.jpg,norm
412.jpg,norm
281.jpg,defect10
92.jpg,norm
337.jpg,defect10
105.jpg,norm
298.jpg,norm
287.jpg,defect4
385.jpg,defect10
113.jpg,norm
151.jpg,norm
82.jpg,defect5
221.jpg,defect9
335.jpg,norm
34.jpg,defect5
61.jpg,norm
338.jpg,defect5
294.jpg,norm
424.jpg,defect10
315.jpg,defect5
262.jpg,defect4
246.jpg,defect10
176.jpg,defect11
74.jpg,norm
100.jpg,defect5
328.jpg,defect11
146.jpg,defect8
77.jpg,defect8
172.jpg,defect9
